image_id,label,probabilities
ISIC_0012086,1,[0.77777778 0.22222222]
ISIC_0012092,0,[0.88888889 0.11111111]
ISIC_0012095,0,[1. 0.]
ISIC_0012134,0,[0.88888889 0.11111111]
ISIC_0012136,0,[0.88888889 0.11111111]
ISIC_0012147,1,[0.77777778 0.22222222]
ISIC_0012149,0,[1. 0.]
ISIC_0012152,1,[0.66666667 0.33333333]
ISIC_0012178,0,[0.88888889 0.11111111]
ISIC_0012199,1,[0.66666667 0.33333333]
